create table party (
	party_id BIGSERIAL NOT NULL PRIMARY KEY,
	reference_number INT NOT NULL,
	party_type_id INT NOT NULL,
	name VARCHAR(50),
	first_name VARCHAR(50) NOT NULL,
	last_name VARCHAR(50) NOT NULL,
	address_line1 VARCHAR(50),
	address_line2 VARCHAR(50),
	postal_code VARCHAR(50),
	town VARCHAR(50),
	county VARCHAR(50),
	country VARCHAR(50),
	phone_mobile VARCHAR(50),
	phone_landline VARCHAR(50),
	date_of_birth DATE,
	email VARCHAR(50),
	address_line3 VARCHAR(50),
	address_line4 VARCHAR(50),
	editor VARCHAR(50) NOT NULL,
	editor_source VARCHAR(50) NOT NULL
);

create table policy (
	policy_id BIGSERIAL NOT NULL PRIMARY KEY,
	party_id INT NOT NULL,
	policy_number INT NOT NULL,
	start_date DATE NOT NULL,
	expiration_date DATE NOT NULL,
	editor VARCHAR(50) NOT NULL,
	editor_source VARCHAR(50) NOT NULL,
	FOREIGN KEY(party_id) REFERENCES party(party_id)
);

create table policy_version (
	policy_version_id BIGSERIAL NOT NULL PRIMARY KEY,
	policy_version_number INT NOT NULL,
	start_date DATE NOT NULL,
	end_date DATE NOT NULL,
	issue_date DATE NOT NULL,
	policy_version_status_id INT NOT NULL,
	policy_id INT NOT NULL,
	interaction_id INT NOT NULL,
	editor VARCHAR(50) NOT NULL,
	editor_source VARCHAR(50) NOT NULL,
	FOREIGN KEY(policy_id) REFERENCES policy(policy_id)
);

insert into party (party_id, reference_number, party_type_id, name, first_name, last_name, address_line1, address_line2, postal_code, town, county, country, phone_mobile, phone_landline, date_of_birth, email, address_line3, address_line4, editor, editor_source) values (1, 534216, 1, 'rkeynd0@wordpress.org', 'Ruthe', 'Keynd', 'Scofield', '48', '37245', 'Nashville', 'Tennessee', 'United States', '615-886-4891', '313-716-0047', '1967-06-03', 'rkeynd0@comsenz.com', '7515 Warrior Park', '10 Acker Avenue', 'Ruthe Keynd', 'Graham and Sons');
insert into party (party_id, reference_number, party_type_id, name, first_name, last_name, address_line1, address_line2, postal_code, town, county, country, phone_mobile, phone_landline, date_of_birth, email, address_line3, address_line4, editor, editor_source) values (2, 519142, 2, 'tcranmor1@posterous.com', 'Tamara', 'Cranmor', 'Morrow', '9', '12227', 'Albany', 'New York', 'United States', '518-860-4577', '202-861-3007', '1993-01-09', 'tcranmor1@mashable.com', '88 Maple Wood Lane', '5057 Havey Parkway', 'Tamara Cranmor', 'Ritchie, Stehr and Borer');
insert into party (party_id, reference_number, party_type_id, name, first_name, last_name, address_line1, address_line2, postal_code, town, county, country, phone_mobile, phone_landline, date_of_birth, email, address_line3, address_line4, editor, editor_source) values (3, 519977, 3, 'qalders2@jugem.jp', 'Quintin', 'Alders', 'Continental', '143', '79491', 'Lubbock', 'Texas', 'United States', '806-416-0915', null, '1977-05-18', 'qalders2@tuttocitta.it', '73156 Bunting Court', '8157 Logan Street', 'Quintin Alders', 'Koepp LLC');
insert into party (party_id, reference_number, party_type_id, name, first_name, last_name, address_line1, address_line2, postal_code, town, county, country, phone_mobile, phone_landline, date_of_birth, email, address_line3, address_line4, editor, editor_source) values (4, 506328, 4, 'ewaylen3@example.com', 'Emmet', 'Waylen', 'Logan', '684', '63180', 'Saint Louis', 'Missouri', 'United States', '314-549-1749', '216-969-9472', '1964-11-20', 'ewaylen3@networkadvertising.org', '8 Harbort Circle', '8782 Burrows Lane', 'Emmet Waylen', 'Gleason, Durgan and Ebert');
insert into party (party_id, reference_number, party_type_id, name, first_name, last_name, address_line1, address_line2, postal_code, town, county, country, phone_mobile, phone_landline, date_of_birth, email, address_line3, address_line4, editor, editor_source) values (5, 594797, 5, 'mgrelik4@google.nl', 'Matthias', 'Grelik', 'South', '94679', '80161', 'Littleton', 'Colorado', 'United States', '720-957-2220', null, '1956-07-23', 'mgrelik4@xinhuanet.com', '15021 Huxley Avenue', '5474 Clyde Gallagher Court', 'Matthias Grelik', 'Gibson-Braun');
insert into party (party_id, reference_number, party_type_id, name, first_name, last_name, address_line1, address_line2, postal_code, town, county, country, phone_mobile, phone_landline, date_of_birth, email, address_line3, address_line4, editor, editor_source) values (6, 524552, 6, 'cbaitson5@skype.com', 'Cos', 'Baitson', 'Muir', '74511', '53779', 'Madison', 'Wisconsin', 'United States', '608-523-3165', null, '1989-04-21', 'cbaitson5@dot.gov', '055 Lake View Parkway', '81 Holmberg Parkway', 'Cos Baitson', 'Feest-Monahan');
insert into party (party_id, reference_number, party_type_id, name, first_name, last_name, address_line1, address_line2, postal_code, town, county, country, phone_mobile, phone_landline, date_of_birth, email, address_line3, address_line4, editor, editor_source) values (7, 515898, 7, 'rfernandez6@mapquest.com', 'Rolph', 'Fernandez', 'Farragut', '89', '77271', 'Houston', 'Texas', 'United States', '713-880-1943', null, '1983-10-20', null, '5 Barby Terrace', '5157 Vidon Terrace', 'Rolph Fernandez', 'DuBuque-Weissnat');
insert into party (party_id, reference_number, party_type_id, name, first_name, last_name, address_line1, address_line2, postal_code, town, county, country, phone_mobile, phone_landline, date_of_birth, email, address_line3, address_line4, editor, editor_source) values (8, 592702, 8, 'jingerson7@europa.eu', 'Judy', 'Ingerson', 'Hansons', '55412', '78255', 'San Antonio', 'Texas', 'United States', '210-447-0742', '208-171-8575', '1961-12-26', 'jingerson7@scientificamerican.com', '775 Arrowood Junction', '549 Cambridge Street', 'Judy Ingerson', 'Gerlach LLC');
insert into party (party_id, reference_number, party_type_id, name, first_name, last_name, address_line1, address_line2, postal_code, town, county, country, phone_mobile, phone_landline, date_of_birth, email, address_line3, address_line4, editor, editor_source) values (9, 524243, 9, 'ecisar8@altervista.org', 'Etty', 'Cisar', 'Becker', '0984', '53277', 'Milwaukee', 'Wisconsin', 'United States', '414-243-7568', null, '1978-02-04', 'ecisar8@patch.com', '75442 Spaight Road', '48 Jenna Way', 'Etty Cisar', 'Oberbrunner-McClure');
insert into party (party_id, reference_number, party_type_id, name, first_name, last_name, address_line1, address_line2, postal_code, town, county, country, phone_mobile, phone_landline, date_of_birth, email, address_line3, address_line4, editor, editor_source) values (10, 566410, 10, 'pgarces9@blinklist.com', 'Petronilla', 'Garces', 'Ludington', '07546', '92519', 'Riverside', 'California', 'United States', '951-973-5196', null, '1984-09-08', 'pgarces9@woothemes.com', '2 5th Park', '903 Homewood Trail', 'Petronilla Garces', 'Toy Inc');
insert into party (party_id, reference_number, party_type_id, name, first_name, last_name, address_line1, address_line2, postal_code, town, county, country, phone_mobile, phone_landline, date_of_birth, email, address_line3, address_line4, editor, editor_source) values (11, 519111, 11, 'sorisa@dyndns.org', 'Susette', 'Oris', '4th', '41223', '11854', 'Hicksville', 'New York', 'United States', '516-833-0696', null, '1931-12-15', 'sorisa@yellowbook.com', '1 Rowland Trail', '82718 Sycamore Lane', 'Susette Oris', 'Marquardt-Kohler');
insert into party (party_id, reference_number, party_type_id, name, first_name, last_name, address_line1, address_line2, postal_code, town, county, country, phone_mobile, phone_landline, date_of_birth, email, address_line3, address_line4, editor, editor_source) values (12, 529579, 12, 'amaxworthyb@dion.ne.jp', 'Adore', 'Maxworthy', 'Emmet', '7', '97405', 'Eugene', 'Oregon', 'United States', '541-187-9817', null, '1942-04-07', 'amaxworthyb@google.com.br', '7 Goodland Parkway', '4034 Express Place', 'Adore Maxworthy', 'Feest-Cummerata');
insert into party (party_id, reference_number, party_type_id, name, first_name, last_name, address_line1, address_line2, postal_code, town, county, country, phone_mobile, phone_landline, date_of_birth, email, address_line3, address_line4, editor, editor_source) values (13, 525452, 13, 'hjeavonc@xing.com', 'Helge', 'Jeavon', 'Tomscot', '79', '78220', 'San Antonio', 'Texas', 'United States', '210-694-8814', '917-931-1907', '1940-05-02', 'hjeavonc@nasa.gov', '190 Porter Center', '05 Alpine Street', 'Helge Jeavon', 'Runolfsdottir Inc');
insert into party (party_id, reference_number, party_type_id, name, first_name, last_name, address_line1, address_line2, postal_code, town, county, country, phone_mobile, phone_landline, date_of_birth, email, address_line3, address_line4, editor, editor_source) values (14, 598103, 14, 'umccaugheyd@example.com', 'Ugo', 'McCaughey', 'Swallow', '953', '75342', 'Dallas', 'Texas', 'United States', '972-115-9353', null, '1982-01-28', 'umccaugheyd@walmart.com', '5859 Northland Court', '12484 Sloan Road', 'Ugo McCaughey', 'Carroll Inc');
insert into party (party_id, reference_number, party_type_id, name, first_name, last_name, address_line1, address_line2, postal_code, town, county, country, phone_mobile, phone_landline, date_of_birth, email, address_line3, address_line4, editor, editor_source) values (15, 531058, 15, 'respye@sphinn.com', 'Rutter', 'Espy', 'Ohio', '432', '92612', 'Irvine', 'California', 'United States', '949-551-0984', null, '1995-01-03', 'respye@google.es', '0577 Grayhawk Lane', '2 Hagan Circle', 'Rutter Espy', 'Altenwerth LLC');
insert into party (party_id, reference_number, party_type_id, name, first_name, last_name, address_line1, address_line2, postal_code, town, county, country, phone_mobile, phone_landline, date_of_birth, email, address_line3, address_line4, editor, editor_source) values (16, 531660, 16, 'korgeef@jimdo.com', 'Kevon', 'Orgee', 'Pierstorff', '8', '10249', 'New York City', 'New York', 'United States', '212-626-6327', '209-629-0515', '1942-09-30', 'korgeef@opera.com', '088 Oriole Court', '18410 Nova Way', 'Kevon Orgee', 'Murazik Group');
insert into party (party_id, reference_number, party_type_id, name, first_name, last_name, address_line1, address_line2, postal_code, town, county, country, phone_mobile, phone_landline, date_of_birth, email, address_line3, address_line4, editor, editor_source) values (17, 570417, 17, 'kdooheyg@4shared.com', 'Kellby', 'Doohey', 'North', '71203', '97240', 'Portland', 'Oregon', 'United States', '971-915-6107', '313-737-9746', '1944-12-13', 'kdooheyg@prweb.com', '585 John Wall Place', '3859 Bellgrove Circle', 'Kellby Doohey', 'Koss-Beahan');
insert into party (party_id, reference_number, party_type_id, name, first_name, last_name, address_line1, address_line2, postal_code, town, county, country, phone_mobile, phone_landline, date_of_birth, email, address_line3, address_line4, editor, editor_source) values (18, 500450, 18, 'frutiglianoh@t-online.de', 'Filmore', 'Rutigliano', 'Fisk', '5', '61605', 'Peoria', 'Illinois', 'United States', '309-780-8791', '561-806-3593', '1996-04-01', 'frutiglianoh@pagesperso-orange.fr', '67 Goodland Pass', '1 New Castle Parkway', 'Filmore Rutigliano', 'O''Connell, Gottlieb and Pfannerstill');
insert into party (party_id, reference_number, party_type_id, name, first_name, last_name, address_line1, address_line2, postal_code, town, county, country, phone_mobile, phone_landline, date_of_birth, email, address_line3, address_line4, editor, editor_source) values (19, 553586, 19, 'hbrideaui@foxnews.com', 'Hall', 'Brideau', 'Forest Run', '84', '46216', 'Indianapolis', 'Indiana', 'United States', '317-938-6823', null, '1987-10-01', 'hbrideaui@cornell.edu', '18192 Lunder Way', '74959 Holmberg Road', 'Hall Brideau', 'Kovacek-Mayer');
insert into party (party_id, reference_number, party_type_id, name, first_name, last_name, address_line1, address_line2, postal_code, town, county, country, phone_mobile, phone_landline, date_of_birth, email, address_line3, address_line4, editor, editor_source) values (20, 580310, 20, 'lduiganj@aboutads.info', 'Leesa', 'Duigan', '2nd', '8110', '90076', 'Los Angeles', 'California', 'United States', '323-246-6001', '518-273-9747', '1994-08-11', 'lduiganj@slate.com', '696 Dapin Circle', '86967 Starling Junction', 'Leesa Duigan', 'McGlynn, Kassulke and Walter');
insert into party (party_id, reference_number, party_type_id, name, first_name, last_name, address_line1, address_line2, postal_code, town, county, country, phone_mobile, phone_landline, date_of_birth, email, address_line3, address_line4, editor, editor_source) values (21, 590754, 21, 'vphippardk@mozilla.org', 'Vincent', 'Phippard', 'Hintze', '3438', '79105', 'Amarillo', 'Texas', 'United States', '806-597-7423', null, '1987-09-19', 'vphippardk@webmd.com', '487 Hanover Place', '82 East Parkway', 'Vincent Phippard', 'Howe, Terry and Botsford');
insert into party (party_id, reference_number, party_type_id, name, first_name, last_name, address_line1, address_line2, postal_code, town, county, country, phone_mobile, phone_landline, date_of_birth, email, address_line3, address_line4, editor, editor_source) values (22, 582117, 22, 'whellikerl@vimeo.com', 'Willdon', 'Helliker', 'Bluejay', '403', '68124', 'Omaha', 'Nebraska', 'United States', '402-981-6324', '240-436-1342', '1947-11-05', 'whellikerl@goodreads.com', '6604 Forster Park', '36354 Sherman Lane', 'Willdon Helliker', 'Ullrich Inc');
insert into party (party_id, reference_number, party_type_id, name, first_name, last_name, address_line1, address_line2, postal_code, town, county, country, phone_mobile, phone_landline, date_of_birth, email, address_line3, address_line4, editor, editor_source) values (23, 509445, 23, 'ddimsdalem@apache.org', 'Deck', 'Dimsdale', 'Commercial', '756', '80945', 'Colorado Springs', 'Colorado', 'United States', '719-203-2365', null, '1974-10-02', 'ddimsdalem@hc360.com', '193 Rutledge Street', '7 School Terrace', 'Deck Dimsdale', 'Krajcik, Funk and Stoltenberg');
insert into party (party_id, reference_number, party_type_id, name, first_name, last_name, address_line1, address_line2, postal_code, town, county, country, phone_mobile, phone_landline, date_of_birth, email, address_line3, address_line4, editor, editor_source) values (24, 511741, 24, 'llangfordn@angelfire.com', 'Lauryn', 'Langford', 'Di Loreto', '289', '83711', 'Boise', 'Idaho', 'United States', '208-142-3451', null, '1990-12-21', 'llangfordn@huffingtonpost.com', '0162 Charing Cross Point', '48 Iowa Parkway', 'Lauryn Langford', 'Marks Group');
insert into party (party_id, reference_number, party_type_id, name, first_name, last_name, address_line1, address_line2, postal_code, town, county, country, phone_mobile, phone_landline, date_of_birth, email, address_line3, address_line4, editor, editor_source) values (25, 523236, 25, 'nwaldocko@taobao.com', 'Nedi', 'Waldock', 'Continental', '61', '30919', 'Augusta', 'Georgia', 'United States', '706-824-1426', null, '1938-03-16', 'nwaldocko@economist.com', '164 Jenna Place', '6 North Trail', 'Nedi Waldock', 'Lemke-Kuhic');
insert into party (party_id, reference_number, party_type_id, name, first_name, last_name, address_line1, address_line2, postal_code, town, county, country, phone_mobile, phone_landline, date_of_birth, email, address_line3, address_line4, editor, editor_source) values (26, 503333, 26, 'gwynep@reuters.com', 'Gauthier', 'Wyne', 'Glacier Hill', '6', '94230', 'Sacramento', 'California', 'United States', '916-898-4116', '915-269-1961', '2000-06-18', 'gwynep@wordpress.com', '420 Becker Court', '491 Pearson Alley', 'Gauthier Wyne', 'Mills, Moore and Gaylord');
insert into party (party_id, reference_number, party_type_id, name, first_name, last_name, address_line1, address_line2, postal_code, town, county, country, phone_mobile, phone_landline, date_of_birth, email, address_line3, address_line4, editor, editor_source) values (27, 550220, 27, 'bleq@ucla.edu', 'Burtie', 'Le febre', 'Basil', '8', '32405', 'Panama City', 'Florida', 'United States', '850-965-6304', null, '1960-04-25', 'bleq@storify.com', '6311 Dexter Park', '19327 Miller Alley', 'Burtie Le febre', 'O''Reilly and Sons');
insert into party (party_id, reference_number, party_type_id, name, first_name, last_name, address_line1, address_line2, postal_code, town, county, country, phone_mobile, phone_landline, date_of_birth, email, address_line3, address_line4, editor, editor_source) values (28, 548474, 28, 'wrudgardr@123-reg.co.uk', 'Waring', 'Rudgard', 'Weeping Birch', '76190', '79699', 'Abilene', 'Texas', 'United States', '325-549-2553', null, '1933-08-16', 'wrudgardr@umich.edu', '6 Canary Lane', '607 Declaration Drive', 'Waring Rudgard', 'Bechtelar-Bernhard');
insert into party (party_id, reference_number, party_type_id, name, first_name, last_name, address_line1, address_line2, postal_code, town, county, country, phone_mobile, phone_landline, date_of_birth, email, address_line3, address_line4, editor, editor_source) values (29, 535017, 29, 'amarsys@elegantthemes.com', 'Augusta', 'Marsy', 'Aberg', '3328', '02905', 'Providence', 'Rhode Island', 'United States', '401-601-2638', null, '1989-12-11', 'amarsys@mysql.com', '9117 Crowley Trail', '2 Dorton Trail', 'Augusta Marsy', 'Mayert, Schaden and Walker');
insert into party (party_id, reference_number, party_type_id, name, first_name, last_name, address_line1, address_line2, postal_code, town, county, country, phone_mobile, phone_landline, date_of_birth, email, address_line3, address_line4, editor, editor_source) values (30, 502850, 30, 'cfaddent@reverbnation.com', 'Chris', 'Fadden', 'Mifflin', '1', '37605', 'Johnson City', 'Tennessee', 'United States', '423-872-5460', null, '1990-08-22', 'cfaddent@foxnews.com', '8 Bay Road', '0 Walton Avenue', 'Chris Fadden', 'West Inc');
insert into party (party_id, reference_number, party_type_id, name, first_name, last_name, address_line1, address_line2, postal_code, town, county, country, phone_mobile, phone_landline, date_of_birth, email, address_line3, address_line4, editor, editor_source) values (31, 516161, 31, 'akohenu@yahoo.com', 'Abigael', 'Kohen', 'International', '20', '80638', 'Greeley', 'Colorado', 'United States', '970-173-2452', null, '1970-12-24', 'akohenu@fastcompany.com', '99109 Lakeland Plaza', '0183 Mifflin Way', 'Abigael Kohen', 'Weber, Ferry and Buckridge');
insert into party (party_id, reference_number, party_type_id, name, first_name, last_name, address_line1, address_line2, postal_code, town, county, country, phone_mobile, phone_landline, date_of_birth, email, address_line3, address_line4, editor, editor_source) values (32, 582795, 32, 'ghendrixv@wix.com', 'Gawen', 'Hendrix', 'Lake View', '06', '55590', 'Monticello', 'Minnesota', 'United States', '763-352-1164', null, '1943-08-31', 'ghendrixv@nytimes.com', '24075 Nevada Avenue', '281 Washington Lane', 'Gawen Hendrix', 'Kuhlman-Wyman');
insert into party (party_id, reference_number, party_type_id, name, first_name, last_name, address_line1, address_line2, postal_code, town, county, country, phone_mobile, phone_landline, date_of_birth, email, address_line3, address_line4, editor, editor_source) values (33, 590598, 33, 'plochetw@microsoft.com', 'Pammi', 'Lochet', 'Tomscot', '15', '46207', 'Indianapolis', 'Indiana', 'United States', '317-539-7727', '415-233-2274', '1941-07-13', 'plochetw@howstuffworks.com', '652 Ohio Point', '20 Emmet Court', 'Pammi Lochet', 'Johnston Group');
insert into party (party_id, reference_number, party_type_id, name, first_name, last_name, address_line1, address_line2, postal_code, town, county, country, phone_mobile, phone_landline, date_of_birth, email, address_line3, address_line4, editor, editor_source) values (34, 527962, 34, 'mkebbellx@nhs.uk', 'Maxie', 'Kebbell', 'Village Green', '02022', '79928', 'El Paso', 'Texas', 'United States', null, '619-513-4826', '1990-04-26', 'mkebbellx@seattletimes.com', '0107 Bonner Parkway', '2000 Mitchell Lane', 'Maxie Kebbell', 'Kris, Herman and Corkery');
insert into party (party_id, reference_number, party_type_id, name, first_name, last_name, address_line1, address_line2, postal_code, town, county, country, phone_mobile, phone_landline, date_of_birth, email, address_line3, address_line4, editor, editor_source) values (35, 550847, 35, 'vescritty@yahoo.co.jp', 'Viki', 'Escritt', 'International', '28', '40266', 'Louisville', 'Kentucky', 'United States', '502-907-5281', '202-572-9518', '1951-11-04', 'vescritty@sogou.com', '56772 Fisk Park', '8 Lerdahl Drive', 'Viki Escritt', 'Eichmann, Muller and Ankunding');
insert into party (party_id, reference_number, party_type_id, name, first_name, last_name, address_line1, address_line2, postal_code, town, county, country, phone_mobile, phone_landline, date_of_birth, email, address_line3, address_line4, editor, editor_source) values (36, 567173, 36, 'spreenez@geocities.jp', 'Stanislaw', 'Preene', '7th', '59', '10131', 'New York City', 'New York', 'United States', '212-465-7776', null, '1986-04-06', 'spreenez@goodreads.com', '09429 Springview Point', '478 Schurz Court', 'Stanislaw Preene', 'Heller Group');
insert into party (party_id, reference_number, party_type_id, name, first_name, last_name, address_line1, address_line2, postal_code, town, county, country, phone_mobile, phone_landline, date_of_birth, email, address_line3, address_line4, editor, editor_source) values (37, 525248, 37, 'aedinburough10@blogspot.com', 'Alma', 'Edinburough', 'Erie', '576', '30610', 'Athens', 'Georgia', 'United States', '706-383-0490', null, '1990-04-11', 'aedinburough10@go.com', '50 Hanover Lane', '11 Homewood Plaza', 'Alma Edinburough', 'Schaefer Group');
insert into party (party_id, reference_number, party_type_id, name, first_name, last_name, address_line1, address_line2, postal_code, town, county, country, phone_mobile, phone_landline, date_of_birth, email, address_line3, address_line4, editor, editor_source) values (38, 541398, 38, 'mcofax11@php.net', 'Moritz', 'Cofax', 'Fisk', '80', '92115', 'San Diego', 'California', 'United States', '619-544-0261', null, '1991-10-07', 'mcofax11@amazon.com', '2733 Hazelcrest Hill', '92624 Warbler Trail', 'Moritz Cofax', 'Feil-Ziemann');
insert into party (party_id, reference_number, party_type_id, name, first_name, last_name, address_line1, address_line2, postal_code, town, county, country, phone_mobile, phone_landline, date_of_birth, email, address_line3, address_line4, editor, editor_source) values (39, 589105, 39, 'bhubber12@github.io', 'Boot', 'Hubber', 'Eastwood', '0842', '37924', 'Knoxville', 'Tennessee', 'United States', '865-323-5529', '202-995-9478', '1961-10-03', 'bhubber12@dagondesign.com', '48 Amoth Terrace', '2 Cherokee Crossing', 'Boot Hubber', 'Zboncak-Borer');
insert into party (party_id, reference_number, party_type_id, name, first_name, last_name, address_line1, address_line2, postal_code, town, county, country, phone_mobile, phone_landline, date_of_birth, email, address_line3, address_line4, editor, editor_source) values (40, 576769, 40, 'foddey13@printfriendly.com', 'Fredek', 'Oddey', 'Sheridan', '89', '38131', 'Memphis', 'Tennessee', 'United States', '901-548-1840', '214-999-7640', '1984-03-19', null, '70198 Donald Circle', '3 Nova Street', 'Fredek Oddey', 'Witting-Kling');
insert into party (party_id, reference_number, party_type_id, name, first_name, last_name, address_line1, address_line2, postal_code, town, county, country, phone_mobile, phone_landline, date_of_birth, email, address_line3, address_line4, editor, editor_source) values (41, 542690, 41, 'nleif14@newsvine.com', 'Nichol', 'Leif', 'Kenwood', '0168', '85720', 'Tucson', 'Arizona', 'United States', '520-209-7760', '206-650-0780', '1962-09-01', 'nleif14@comsenz.com', '18 Mosinee Way', '7618 Ryan Crossing', 'Nichol Leif', 'Metz, Carter and Halvorson');
insert into party (party_id, reference_number, party_type_id, name, first_name, last_name, address_line1, address_line2, postal_code, town, county, country, phone_mobile, phone_landline, date_of_birth, email, address_line3, address_line4, editor, editor_source) values (42, 555165, 42, 'nhailey15@unblog.fr', 'Niall', 'Hailey', 'Kedzie', '8550', '20022', 'Washington', 'District of Columbia', 'United States', '202-548-3947', null, '1981-05-01', 'nhailey15@washingtonpost.com', '1 Village Trail', '1923 Ridgeway Center', 'Niall Hailey', 'Graham, Schowalter and Aufderhar');
insert into party (party_id, reference_number, party_type_id, name, first_name, last_name, address_line1, address_line2, postal_code, town, county, country, phone_mobile, phone_landline, date_of_birth, email, address_line3, address_line4, editor, editor_source) values (43, 501713, 43, 'nbentham16@addthis.com', 'Nickolaus', 'Bentham', 'Judy', '82', '61105', 'Rockford', 'Illinois', 'United States', '815-183-0801', '413-438-5230', '1984-01-15', 'nbentham16@github.com', '6 Cardinal Trail', '5 Grasskamp Avenue', 'Nickolaus Bentham', 'Kiehn, Skiles and Stokes');
insert into party (party_id, reference_number, party_type_id, name, first_name, last_name, address_line1, address_line2, postal_code, town, county, country, phone_mobile, phone_landline, date_of_birth, email, address_line3, address_line4, editor, editor_source) values (44, 538045, 44, 'fkilbride17@usa.gov', 'Fielding', 'Kilbride', 'Burrows', '932', '40205', 'Louisville', 'Kentucky', 'United States', '502-827-1709', null, '1971-01-18', 'fkilbride17@xing.com', '3735 Park Meadow Point', '759 Clemons Place', 'Fielding Kilbride', 'Sawayn-Christiansen');
insert into party (party_id, reference_number, party_type_id, name, first_name, last_name, address_line1, address_line2, postal_code, town, county, country, phone_mobile, phone_landline, date_of_birth, email, address_line3, address_line4, editor, editor_source) values (45, 548613, 45, 'vgaler18@ebay.com', 'Vassili', 'Galer', 'Riverside', '9', '85710', 'Tucson', 'Arizona', 'United States', '520-383-8362', null, '1960-12-16', 'vgaler18@guardian.co.uk', '8066 Division Crossing', '973 Hudson Drive', 'Vassili Galer', 'Howell and Sons');
insert into party (party_id, reference_number, party_type_id, name, first_name, last_name, address_line1, address_line2, postal_code, town, county, country, phone_mobile, phone_landline, date_of_birth, email, address_line3, address_line4, editor, editor_source) values (46, 521100, 46, 'cworboy19@columbia.edu', 'Christiano', 'Worboy', 'Anzinger', '70648', '32220', 'Jacksonville', 'Florida', 'United States', '904-209-1202', null, '1954-11-22', 'cworboy19@goodreads.com', '19091 Chinook Road', '277 Maryland Crossing', 'Christiano Worboy', 'Heaney LLC');
insert into party (party_id, reference_number, party_type_id, name, first_name, last_name, address_line1, address_line2, postal_code, town, county, country, phone_mobile, phone_landline, date_of_birth, email, address_line3, address_line4, editor, editor_source) values (47, 526441, 47, 'esmallthwaite1a@bigcartel.com', 'Emerson', 'Smallthwaite', 'Westport', '040', '64160', 'Kansas City', 'Missouri', 'United States', '816-324-3207', null, '1957-10-12', 'esmallthwaite1a@discovery.com', '36062 Armistice Terrace', '444 Manitowish Park', 'Emerson Smallthwaite', 'Hermiston, Moore and Bechtelar');
insert into party (party_id, reference_number, party_type_id, name, first_name, last_name, address_line1, address_line2, postal_code, town, county, country, phone_mobile, phone_landline, date_of_birth, email, address_line3, address_line4, editor, editor_source) values (48, 573914, 48, 'nmacdonogh1b@flickr.com', 'Nevins', 'MacDonogh', 'Jenifer', '41542', '60691', 'Chicago', 'Illinois', 'United States', '312-223-6520', '785-485-0445', '1967-02-03', 'nmacdonogh1b@edublogs.org', '9 Miller Road', '14607 Northland Way', 'Nevins MacDonogh', 'Lebsack and Sons');
insert into party (party_id, reference_number, party_type_id, name, first_name, last_name, address_line1, address_line2, postal_code, town, county, country, phone_mobile, phone_landline, date_of_birth, email, address_line3, address_line4, editor, editor_source) values (49, 535367, 49, 'lmacpharlain1c@soup.io', 'Leigha', 'MacPharlain', 'Ludington', '99046', '61105', 'Rockford', 'Illinois', 'United States', '815-520-0477', '718-789-3842', '1987-09-27', 'lmacpharlain1c@privacy.gov.au', '6 Spenser Road', '92724 Hauk Drive', 'Leigha MacPharlain', 'Kshlerin-Runte');
insert into party (party_id, reference_number, party_type_id, name, first_name, last_name, address_line1, address_line2, postal_code, town, county, country, phone_mobile, phone_landline, date_of_birth, email, address_line3, address_line4, editor, editor_source) values (50, 509793, 50, 'mpetrie1d@shinystat.com', 'Minette', 'Petrie', 'Browning', '372', '91205', 'Glendale', 'California', 'United States', '323-278-1585', null, '1939-11-24', 'mpetrie1d@mit.edu', '5 Johnson Place', '33 Lindbergh Terrace', 'Minette Petrie', 'Grady-Spencer');


insert into policy (policy_id, party_id, policy_number, start_date, expiration_date, editor, editor_source) values (1, 42, 7949300, '2019-01-16', '2020-04-26', 'Terese Reely', 'Hegmann, Glover and Mueller');
insert into policy (policy_id, party_id, policy_number, start_date, expiration_date, editor, editor_source) values (2, 45, 7501903, '2019-04-03', '2019-05-02', 'Etti Huot', 'Ullrich and Sons');
insert into policy (policy_id, party_id, policy_number, start_date, expiration_date, editor, editor_source) values (3, 20, 7599102, '2019-02-23', '2019-11-14', 'Orrin Sutherns', 'Nader LLC');
insert into policy (policy_id, party_id, policy_number, start_date, expiration_date, editor, editor_source) values (4, 13, 7112446, '2019-03-17', '2020-08-09', 'Dedie Fosken', 'Becker Group');
insert into policy (policy_id, party_id, policy_number, start_date, expiration_date, editor, editor_source) values (5, 44, 7762670, '2019-01-17', '2019-02-06', 'Sonny Turone', 'Kris, Friesen and Ferry');
insert into policy (policy_id, party_id, policy_number, start_date, expiration_date, editor, editor_source) values (6, 15, 7306737, '2019-04-22', '2019-11-15', 'Simonette Rookesby', 'Hickle Inc');
insert into policy (policy_id, party_id, policy_number, start_date, expiration_date, editor, editor_source) values (7, 2, 7883293, '2019-08-29', '2019-10-21', 'Caralie Dryburgh', 'Brakus-Sanford');
insert into policy (policy_id, party_id, policy_number, start_date, expiration_date, editor, editor_source) values (8, 20, 7539101, '2019-01-09', '2019-05-06', 'Crissy Ellacott', 'Leannon-Purdy');
insert into policy (policy_id, party_id, policy_number, start_date, expiration_date, editor, editor_source) values (9, 24, 7455275, '2019-07-17', '2019-12-29', 'Renae Challicum', 'Toy-Franecki');
insert into policy (policy_id, party_id, policy_number, start_date, expiration_date, editor, editor_source) values (10, 25, 7781922, '2019-10-16', '2019-12-25', 'Barbra Gaddesby', 'Marks Group');
insert into policy (policy_id, party_id, policy_number, start_date, expiration_date, editor, editor_source) values (11, 9, 7399257, '2019-05-01', '2020-04-23', 'Rolando Buckler', 'Larson, Krajcik and Cremin');
insert into policy (policy_id, party_id, policy_number, start_date, expiration_date, editor, editor_source) values (12, 28, 7870361, '2019-01-01', '2019-11-08', 'Blithe Carous', 'Hettinger LLC');
insert into policy (policy_id, party_id, policy_number, start_date, expiration_date, editor, editor_source) values (13, 39, 7635792, '2018-12-24', '2020-07-10', 'Lyndsey Mauvin', 'Harber, Gulgowski and Kiehn');
insert into policy (policy_id, party_id, policy_number, start_date, expiration_date, editor, editor_source) values (14, 16, 7704619, '2019-11-08', '2020-05-06', 'Nickolaus Tinto', 'Schulist-Bartell');
insert into policy (policy_id, party_id, policy_number, start_date, expiration_date, editor, editor_source) values (15, 22, 7599136, '2018-11-23', '2019-03-13', 'Dante McGenn', 'Bailey and Sons');
insert into policy (policy_id, party_id, policy_number, start_date, expiration_date, editor, editor_source) values (16, 28, 7112011, '2019-08-22', '2019-12-12', 'Teirtza Artinstall', 'Schmeler Inc');
insert into policy (policy_id, party_id, policy_number, start_date, expiration_date, editor, editor_source) values (17, 40, 7639799, '2019-11-04', '2020-03-21', 'Baxy Duce', 'Konopelski-Bogan');
insert into policy (policy_id, party_id, policy_number, start_date, expiration_date, editor, editor_source) values (18, 29, 7870012, '2019-03-28', '2020-05-30', 'Willamina Burth', 'Bernhard-Shanahan');
insert into policy (policy_id, party_id, policy_number, start_date, expiration_date, editor, editor_source) values (19, 7, 7816128, '2019-05-04', '2020-06-10', 'Ashil Franchi', 'Hermann-Gusikowski');
insert into policy (policy_id, party_id, policy_number, start_date, expiration_date, editor, editor_source) values (20, 47, 7684394, '2019-09-11', '2019-11-16', 'Gabi Duck', 'Hilpert, Hudson and Koelpin');
insert into policy (policy_id, party_id, policy_number, start_date, expiration_date, editor, editor_source) values (21, 48, 7411385, '2019-01-08', '2019-03-14', 'Cirstoforo Mussettini', 'O''Hara, Barrows and Daugherty');
insert into policy (policy_id, party_id, policy_number, start_date, expiration_date, editor, editor_source) values (22, 37, 7919241, '2019-07-26', '2020-03-08', 'Mickey Egginton', 'Haley-Dickens');
insert into policy (policy_id, party_id, policy_number, start_date, expiration_date, editor, editor_source) values (23, 45, 7548727, '2018-12-31', '2019-06-02', 'Anabel Plesing', 'Bauch, Okuneva and Rolfson');
insert into policy (policy_id, party_id, policy_number, start_date, expiration_date, editor, editor_source) values (24, 19, 7570199, '2019-03-20', '2019-09-03', 'Fedora Durant', 'Franecki, Brekke and Weissnat');
insert into policy (policy_id, party_id, policy_number, start_date, expiration_date, editor, editor_source) values (25, 32, 7475487, '2019-04-01', '2020-01-22', 'Tamqrah Hankard', 'Steuber Inc');
insert into policy (policy_id, party_id, policy_number, start_date, expiration_date, editor, editor_source) values (26, 38, 7097572, '2019-08-25', '2020-04-28', 'Fred Torvey', 'Cremin, Hettinger and King');
insert into policy (policy_id, party_id, policy_number, start_date, expiration_date, editor, editor_source) values (27, 36, 7359459, '2018-12-29', '2019-12-25', 'Yuma Targett', 'Marks, Huel and Gottlieb');
insert into policy (policy_id, party_id, policy_number, start_date, expiration_date, editor, editor_source) values (28, 20, 7268209, '2019-07-07', '2019-08-08', 'Concettina Akister', 'Hilll, Gleichner and Borer');
insert into policy (policy_id, party_id, policy_number, start_date, expiration_date, editor, editor_source) values (29, 26, 7842158, '2019-06-27', '2019-11-20', 'Domenico Menicomb', 'Barton-Wisoky');
insert into policy (policy_id, party_id, policy_number, start_date, expiration_date, editor, editor_source) values (30, 49, 7922616, '2019-04-24', '2019-11-30', 'Rawley McVee', 'Koelpin-Konopelski');
insert into policy (policy_id, party_id, policy_number, start_date, expiration_date, editor, editor_source) values (31, 1, 7203752, '2019-01-05', '2019-05-01', 'Bernarr McKeever', 'Harber, Muller and Hintz');
insert into policy (policy_id, party_id, policy_number, start_date, expiration_date, editor, editor_source) values (32, 12, 7550613, '2019-01-05', '2019-05-12', 'Vergil Ginni', 'Hamill-Hirthe');
insert into policy (policy_id, party_id, policy_number, start_date, expiration_date, editor, editor_source) values (33, 14, 7625618, '2019-06-17', '2019-08-05', 'Carlynne Simison', 'Heathcote Group');
insert into policy (policy_id, party_id, policy_number, start_date, expiration_date, editor, editor_source) values (34, 22, 7571787, '2019-04-25', '2019-08-20', 'Sherrie Hazard', 'Dickinson, Feeney and Barton');
insert into policy (policy_id, party_id, policy_number, start_date, expiration_date, editor, editor_source) values (35, 21, 7274934, '2019-07-18', '2019-12-10', 'Tierney Ferries', 'Strosin-Hyatt');
insert into policy (policy_id, party_id, policy_number, start_date, expiration_date, editor, editor_source) values (36, 25, 7600879, '2019-11-11', '2020-07-06', 'Shelley Howton', 'Mitchell-Parker');
insert into policy (policy_id, party_id, policy_number, start_date, expiration_date, editor, editor_source) values (37, 44, 7015752, '2019-04-20', '2020-01-11', 'Fern Yakolev', 'Brakus, Kling and Lind');
insert into policy (policy_id, party_id, policy_number, start_date, expiration_date, editor, editor_source) values (38, 9, 7408503, '2019-04-19', '2020-02-12', 'Hilde Killock', 'Haag and Sons');
insert into policy (policy_id, party_id, policy_number, start_date, expiration_date, editor, editor_source) values (39, 44, 7106498, '2019-06-01', '2020-04-17', 'Stefa Benech', 'Lehner, Wehner and Durgan');
insert into policy (policy_id, party_id, policy_number, start_date, expiration_date, editor, editor_source) values (40, 10, 7713117, '2019-10-23', '2019-11-24', 'Boris Dunnet', 'Satterfield, West and Conn');
insert into policy (policy_id, party_id, policy_number, start_date, expiration_date, editor, editor_source) values (41, 13, 7212098, '2018-08-13', '2019-06-28', 'Britt Pancoast', 'Pfeffer-Altenwerth');
insert into policy (policy_id, party_id, policy_number, start_date, expiration_date, editor, editor_source) values (42, 17, 7731159, '2019-03-16', '2019-08-24', 'Cirillo Holme', 'Miller, Schmitt and Cummings');
insert into policy (policy_id, party_id, policy_number, start_date, expiration_date, editor, editor_source) values (43, 26, 7356983, '2019-09-20', '2019-12-31', 'Sol Albisser', 'Mante, Jacobs and Bayer');
insert into policy (policy_id, party_id, policy_number, start_date, expiration_date, editor, editor_source) values (44, 18, 7993091, '2019-10-15', '2020-01-31', 'Brand Jerisch', 'Wunsch Group');
insert into policy (policy_id, party_id, policy_number, start_date, expiration_date, editor, editor_source) values (45, 35, 7522944, '2019-10-18', '2020-01-30', 'Briant Kix', 'Kuhn Group');
insert into policy (policy_id, party_id, policy_number, start_date, expiration_date, editor, editor_source) values (46, 21, 7160007, '2019-11-08', '2020-03-07', 'Sinclare Hebborne', 'Schimmel, Feil and Jaskolski');
insert into policy (policy_id, party_id, policy_number, start_date, expiration_date, editor, editor_source) values (47, 42, 7813475, '2019-07-14', '2020-05-29', 'Orella Howsley', 'Medhurst-Daugherty');
insert into policy (policy_id, party_id, policy_number, start_date, expiration_date, editor, editor_source) values (48, 41, 7179647, '2019-09-18', '2020-01-23', 'Carlyle Calender', 'Ullrich-Jaskolski');
insert into policy (policy_id, party_id, policy_number, start_date, expiration_date, editor, editor_source) values (49, 13, 7057331, '2019-11-24', '2020-06-25', 'Matt Rodgers', 'Rohan, Wolff and Kulas');
insert into policy (policy_id, party_id, policy_number, start_date, expiration_date, editor, editor_source) values (50, 50, 7900327, '2019-05-31', '2019-09-11', 'Bertina Frankiewicz', 'Dietrich-Wehner');
insert into policy (policy_id, party_id, policy_number, start_date, expiration_date, editor, editor_source) values (51, 15, 7182067, '2019-05-19', '2019-08-16', 'Heidi Garden', 'Nolan-Carroll');
insert into policy (policy_id, party_id, policy_number, start_date, expiration_date, editor, editor_source) values (52, 44, 7216880, '2019-02-18', '2019-07-09', 'Maia Kenna', 'Batz, Kemmer and Denesik');
insert into policy (policy_id, party_id, policy_number, start_date, expiration_date, editor, editor_source) values (53, 29, 7059823, '2019-05-12', '2019-10-28', 'Kimmy Bliss', 'Waelchi-Lehner');
insert into policy (policy_id, party_id, policy_number, start_date, expiration_date, editor, editor_source) values (54, 8, 7961426, '2019-06-24', '2020-04-09', 'Muriel Friedlos', 'Borer-Kuhn');
insert into policy (policy_id, party_id, policy_number, start_date, expiration_date, editor, editor_source) values (55, 48, 7110326, '2019-05-08', '2019-09-02', 'Jeanette Ciraldo', 'Bergstrom-Auer');
insert into policy (policy_id, party_id, policy_number, start_date, expiration_date, editor, editor_source) values (56, 18, 7985689, '2018-12-09', '2020-07-24', 'Kali Upsale', 'Smith-Marks');
insert into policy (policy_id, party_id, policy_number, start_date, expiration_date, editor, editor_source) values (57, 10, 7357200, '2019-07-04', '2019-12-09', 'Fredelia Voller', 'Lindgren-Daugherty');
insert into policy (policy_id, party_id, policy_number, start_date, expiration_date, editor, editor_source) values (58, 45, 7573587, '2019-10-25', '2020-05-02', 'Gracia Le Gallo', 'Langworth, Moore and Heller');
insert into policy (policy_id, party_id, policy_number, start_date, expiration_date, editor, editor_source) values (59, 47, 7661063, '2019-03-13', '2019-07-26', 'Jamesy Hof', 'Ziemann-Lesch');
insert into policy (policy_id, party_id, policy_number, start_date, expiration_date, editor, editor_source) values (60, 48, 7421458, '2019-02-17', '2019-12-28', 'Tadeo Battyll', 'Wisozk-Bayer');
insert into policy (policy_id, party_id, policy_number, start_date, expiration_date, editor, editor_source) values (61, 25, 7392651, '2019-07-18', '2019-10-12', 'Elyssa Laurentino', 'Ritchie-Bayer');
insert into policy (policy_id, party_id, policy_number, start_date, expiration_date, editor, editor_source) values (62, 1, 7368321, '2019-05-17', '2019-10-30', 'Kenon Yoskowitz', 'Wyman and Sons');
insert into policy (policy_id, party_id, policy_number, start_date, expiration_date, editor, editor_source) values (63, 29, 7185217, '2019-01-19', '2019-12-26', 'Kellie Freezor', 'Marvin and Sons');
insert into policy (policy_id, party_id, policy_number, start_date, expiration_date, editor, editor_source) values (64, 35, 7197729, '2019-01-06', '2020-06-08', 'Carolus Brager', 'Greenfelder-Tremblay');
insert into policy (policy_id, party_id, policy_number, start_date, expiration_date, editor, editor_source) values (65, 46, 7779286, '2019-07-25', '2019-12-16', 'Mae Fewtrell', 'Boehm-Walsh');
insert into policy (policy_id, party_id, policy_number, start_date, expiration_date, editor, editor_source) values (66, 3, 7772825, '2019-03-02', '2019-06-01', 'Conney Nagle', 'O''Reilly Group');
insert into policy (policy_id, party_id, policy_number, start_date, expiration_date, editor, editor_source) values (67, 47, 7375668, '2018-12-04', '2019-04-09', 'Milicent Ducker', 'Rosenbaum Inc');
insert into policy (policy_id, party_id, policy_number, start_date, expiration_date, editor, editor_source) values (68, 37, 7868216, '2019-08-05', '2019-11-10', 'Rosemary Huffa', 'Boyle, Bartoletti and Kutch');
insert into policy (policy_id, party_id, policy_number, start_date, expiration_date, editor, editor_source) values (69, 20, 7401694, '2018-04-11', '2019-03-15', 'Claudelle Charnock', 'Hodkiewicz, Langosh and Hauck');
insert into policy (policy_id, party_id, policy_number, start_date, expiration_date, editor, editor_source) values (70, 32, 7372764, '2019-03-20', '2019-08-27', 'Bram Manders', 'Stokes-Terry');
insert into policy (policy_id, party_id, policy_number, start_date, expiration_date, editor, editor_source) values (71, 5, 7131584, '2019-02-15', '2019-07-08', 'Hallsy Spacy', 'Gusikowski Group');
insert into policy (policy_id, party_id, policy_number, start_date, expiration_date, editor, editor_source) values (72, 29, 7209490, '2019-06-22', '2019-10-14', 'Nananne Kohtler', 'Toy Inc');
insert into policy (policy_id, party_id, policy_number, start_date, expiration_date, editor, editor_source) values (73, 31, 7104386, '2019-04-21', '2020-06-21', 'Faun O''Keaveny', 'Mertz Inc');
insert into policy (policy_id, party_id, policy_number, start_date, expiration_date, editor, editor_source) values (74, 19, 7936579, '2019-05-21', '2019-11-30', 'Caron Impson', 'Skiles Group');
insert into policy (policy_id, party_id, policy_number, start_date, expiration_date, editor, editor_source) values (75, 34, 7186597, '2019-04-03', '2020-07-06', 'Agneta Bramble', 'Kohler-Boehm');
insert into policy (policy_id, party_id, policy_number, start_date, expiration_date, editor, editor_source) values (76, 17, 7313694, '2019-01-03', '2020-08-14', 'Emlynn Zappel', 'Muller, Fritsch and Jenkins');
insert into policy (policy_id, party_id, policy_number, start_date, expiration_date, editor, editor_source) values (77, 43, 7674165, '2018-12-18', '2019-09-12', 'Sue Bines', 'Goodwin, Schneider and Schuster');
insert into policy (policy_id, party_id, policy_number, start_date, expiration_date, editor, editor_source) values (78, 49, 7171324, '2019-04-09', '2019-08-25', 'Jone Stothart', 'Smith Group');
insert into policy (policy_id, party_id, policy_number, start_date, expiration_date, editor, editor_source) values (79, 19, 7374245, '2018-11-20', '2019-10-16', 'Donnie Bengtsen', 'Barton-Walter');
insert into policy (policy_id, party_id, policy_number, start_date, expiration_date, editor, editor_source) values (80, 38, 7551205, '2019-10-17', '2018-11-09', 'Johnathon Maynell', 'Littel, Emard and Feest');


insert into policy_version (policy_version_id, policy_version_number, start_date, end_date, issue_date, policy_version_status_id, policy_id, interaction_id, editor, editor_source) values (1, 2, '2019-06-24', '2020-05-23', '2019-03-27', 70, 38, 14, 'Miller Tatham', 'White-Kihn');
insert into policy_version (policy_version_id, policy_version_number, start_date, end_date, issue_date, policy_version_status_id, policy_id, interaction_id, editor, editor_source) values (2, 2, '2019-08-17', '2019-09-18', '2019-05-03', 80, 79, 35, 'Valene Pardoe', 'Rath Group');
insert into policy_version (policy_version_id, policy_version_number, start_date, end_date, issue_date, policy_version_status_id, policy_id, interaction_id, editor, editor_source) values (3, 2, '2019-08-17', '2020-02-20', '2019-01-02', 15, 68, 71, 'Tina Rosendorf', 'Lakin LLC');
insert into policy_version (policy_version_id, policy_version_number, start_date, end_date, issue_date, policy_version_status_id, policy_id, interaction_id, editor, editor_source) values (4, 4, '2019-07-02', '2020-05-24', '2019-03-15', 19, 78, 68, 'Gillan Rielly', 'Jast, Turcotte and Rau');
insert into policy_version (policy_version_id, policy_version_number, start_date, end_date, issue_date, policy_version_status_id, policy_id, interaction_id, editor, editor_source) values (5, 3, '2019-08-15', '2019-09-02', '2019-01-12', 24, 63, 55, 'Levon Avison', 'Greenfelder, Rath and Willms');
insert into policy_version (policy_version_id, policy_version_number, start_date, end_date, issue_date, policy_version_status_id, policy_id, interaction_id, editor, editor_source) values (6, 2, '2019-07-22', '2019-10-21', '2019-02-09', 62, 69, 77, 'Karlens Gravy', 'Kris, Hilpert and Schinner');
insert into policy_version (policy_version_id, policy_version_number, start_date, end_date, issue_date, policy_version_status_id, policy_id, interaction_id, editor, editor_source) values (7, 2, '2019-07-19', '2019-09-21', '2019-01-11', 56, 53, 53, 'Deck Gircke', 'Mitchell and Sons');
insert into policy_version (policy_version_id, policy_version_number, start_date, end_date, issue_date, policy_version_status_id, policy_id, interaction_id, editor, editor_source) values (8, 2, '2019-06-15', '2020-03-19', '2019-02-09', 48, 38, 70, 'Clarine Basant', 'Beier, Bruen and Hahn');
insert into policy_version (policy_version_id, policy_version_number, start_date, end_date, issue_date, policy_version_status_id, policy_id, interaction_id, editor, editor_source) values (9, 1, '2019-06-08', '2020-01-03', '2019-03-21', 78, 55, 98, 'Alfons Rizzelli', 'Gorczany-Brown');
insert into policy_version (policy_version_id, policy_version_number, start_date, end_date, issue_date, policy_version_status_id, policy_id, interaction_id, editor, editor_source) values (10, 4, '2019-07-08', '2019-09-01', '2019-01-19', 5, 46, 36, 'Hal Seys', 'Bradtke-Zemlak');
insert into policy_version (policy_version_id, policy_version_number, start_date, end_date, issue_date, policy_version_status_id, policy_id, interaction_id, editor, editor_source) values (11, 1, '2019-06-10', '2019-11-16', '2019-01-17', 71, 34, 90, 'Coleman Pessel', 'Effertz Group');
insert into policy_version (policy_version_id, policy_version_number, start_date, end_date, issue_date, policy_version_status_id, policy_id, interaction_id, editor, editor_source) values (12, 1, '2019-06-04', '2020-04-22', '2019-04-30', 67, 33, 7, 'Raddy Riddick', 'Stoltenberg LLC');
insert into policy_version (policy_version_id, policy_version_number, start_date, end_date, issue_date, policy_version_status_id, policy_id, interaction_id, editor, editor_source) values (13, 4, '2019-08-19', '2020-04-03', '2018-12-04', 14, 75, 91, 'Gerik Gisby', 'Daniel, Nader and Nienow');
insert into policy_version (policy_version_id, policy_version_number, start_date, end_date, issue_date, policy_version_status_id, policy_id, interaction_id, editor, editor_source) values (14, 4, '2019-07-17', '2019-09-23', '2019-05-04', 12, 49, 54, 'Phoebe Sesons', 'Osinski Group');
insert into policy_version (policy_version_id, policy_version_number, start_date, end_date, issue_date, policy_version_status_id, policy_id, interaction_id, editor, editor_source) values (15, 2, '2019-07-09', '2019-10-19', '2019-02-26', 73, 11, 51, 'Michelle Last', 'Pfeffer-O''Connell');
insert into policy_version (policy_version_id, policy_version_number, start_date, end_date, issue_date, policy_version_status_id, policy_id, interaction_id, editor, editor_source) values (16, 3, '2019-06-01', '2020-04-19', '2019-04-18', 34, 5, 82, 'Emmanuel Newbury', 'Bailey, Rippin and Rath');
insert into policy_version (policy_version_id, policy_version_number, start_date, end_date, issue_date, policy_version_status_id, policy_id, interaction_id, editor, editor_source) values (17, 2, '2019-08-22', '2020-05-24', '2019-02-18', 67, 6, 3, 'Theodoric Lob', 'Wuckert Group');
insert into policy_version (policy_version_id, policy_version_number, start_date, end_date, issue_date, policy_version_status_id, policy_id, interaction_id, editor, editor_source) values (18, 2, '2019-06-24', '2020-04-29', '2019-05-02', 41, 71, 44, 'Tann Curtis', 'Kirlin, Mante and Kshlerin');
insert into policy_version (policy_version_id, policy_version_number, start_date, end_date, issue_date, policy_version_status_id, policy_id, interaction_id, editor, editor_source) values (19, 2, '2019-08-10', '2019-10-02', '2019-01-10', 32, 63, 81, 'Patience Devenny', 'Wehner, Davis and Zulauf');
insert into policy_version (policy_version_id, policy_version_number, start_date, end_date, issue_date, policy_version_status_id, policy_id, interaction_id, editor, editor_source) values (20, 3, '2019-08-24', '2020-04-06', '2018-12-20', 95, 33, 67, 'Mohandas Bedminster', 'Hoeger Group');
insert into policy_version (policy_version_id, policy_version_number, start_date, end_date, issue_date, policy_version_status_id, policy_id, interaction_id, editor, editor_source) values (21, 1, '2019-08-11', '2020-02-21', '2018-12-05', 35, 24, 53, 'Lauren Goskar', 'Becker-Gislason');
insert into policy_version (policy_version_id, policy_version_number, start_date, end_date, issue_date, policy_version_status_id, policy_id, interaction_id, editor, editor_source) values (22, 1, '2019-08-23', '2019-10-08', '2019-04-23', 24, 76, 65, 'Paulie Lydiatt', 'Sawayn-Bradtke');
insert into policy_version (policy_version_id, policy_version_number, start_date, end_date, issue_date, policy_version_status_id, policy_id, interaction_id, editor, editor_source) values (23, 2, '2019-08-21', '2020-02-09', '2018-12-03', 13, 46, 47, 'Giffer Aspland', 'Gaylord, Bogisich and Rosenbaum');
insert into policy_version (policy_version_id, policy_version_number, start_date, end_date, issue_date, policy_version_status_id, policy_id, interaction_id, editor, editor_source) values (24, 4, '2019-07-15', '2020-02-20', '2019-04-04', 10, 45, 24, 'Dacey Deery', 'Nikolaus, Russel and Bosco');
insert into policy_version (policy_version_id, policy_version_number, start_date, end_date, issue_date, policy_version_status_id, policy_id, interaction_id, editor, editor_source) values (25, 1, '2019-06-28', '2019-12-21', '2019-03-20', 84, 3, 2, 'Willdon Jozsika', 'McClure Inc');
insert into policy_version (policy_version_id, policy_version_number, start_date, end_date, issue_date, policy_version_status_id, policy_id, interaction_id, editor, editor_source) values (26, 2, '2019-06-09', '2019-12-10', '2019-03-22', 45, 74, 96, 'Burton Siccombe', 'Botsford-Lehner');
insert into policy_version (policy_version_id, policy_version_number, start_date, end_date, issue_date, policy_version_status_id, policy_id, interaction_id, editor, editor_source) values (27, 4, '2019-08-11', '2020-01-05', '2018-12-30', 7, 8, 9, 'Greta Willcox', 'Smith, Hermann and Mayer');
insert into policy_version (policy_version_id, policy_version_number, start_date, end_date, issue_date, policy_version_status_id, policy_id, interaction_id, editor, editor_source) values (28, 3, '2019-06-03', '2020-03-24', '2019-01-26', 96, 68, 43, 'Tam Kief', 'Lindgren-Windler');
insert into policy_version (policy_version_id, policy_version_number, start_date, end_date, issue_date, policy_version_status_id, policy_id, interaction_id, editor, editor_source) values (29, 2, '2019-07-14', '2020-04-29', '2019-03-08', 98, 11, 51, 'Yardley Putman', 'McKenzie Group');
insert into policy_version (policy_version_id, policy_version_number, start_date, end_date, issue_date, policy_version_status_id, policy_id, interaction_id, editor, editor_source) values (30, 4, '2019-06-24', '2019-11-18', '2019-05-08', 36, 16, 13, 'Vincenz Absolem', 'Lehner, Wunsch and Pouros');
insert into policy_version (policy_version_id, policy_version_number, start_date, end_date, issue_date, policy_version_status_id, policy_id, interaction_id, editor, editor_source) values (31, 2, '2019-07-11', '2020-02-21', '2019-04-11', 49, 18, 30, 'Quinlan Stoodley', 'Strosin, Maggio and Casper');
insert into policy_version (policy_version_id, policy_version_number, start_date, end_date, issue_date, policy_version_status_id, policy_id, interaction_id, editor, editor_source) values (32, 1, '2019-05-29', '2020-03-28', '2018-12-28', 94, 79, 92, 'Nickey Slocumb', 'Morissette Group');
insert into policy_version (policy_version_id, policy_version_number, start_date, end_date, issue_date, policy_version_status_id, policy_id, interaction_id, editor, editor_source) values (33, 4, '2019-08-18', '2020-02-02', '2018-12-15', 18, 64, 92, 'Theadora Byart', 'Hoppe, Kuvalis and Block');
insert into policy_version (policy_version_id, policy_version_number, start_date, end_date, issue_date, policy_version_status_id, policy_id, interaction_id, editor, editor_source) values (34, 4, '2019-07-07', '2020-04-28', '2018-12-12', 45, 69, 40, 'Prudy Isgate', 'Doyle LLC');
insert into policy_version (policy_version_id, policy_version_number, start_date, end_date, issue_date, policy_version_status_id, policy_id, interaction_id, editor, editor_source) values (35, 3, '2019-06-28', '2019-10-14', '2019-04-29', 45, 76, 18, 'Cherianne Jatczak', 'Osinski Inc');
insert into policy_version (policy_version_id, policy_version_number, start_date, end_date, issue_date, policy_version_status_id, policy_id, interaction_id, editor, editor_source) values (36, 4, '2019-06-04', '2019-10-27', '2018-12-05', 67, 13, 88, 'Birdie McNickle', 'Reinger, Berge and Block');
insert into policy_version (policy_version_id, policy_version_number, start_date, end_date, issue_date, policy_version_status_id, policy_id, interaction_id, editor, editor_source) values (37, 4, '2019-08-01', '2020-03-23', '2019-04-09', 46, 36, 85, 'Mahala Dartan', 'Wisozk-Mann');
insert into policy_version (policy_version_id, policy_version_number, start_date, end_date, issue_date, policy_version_status_id, policy_id, interaction_id, editor, editor_source) values (38, 3, '2019-07-18', '2020-05-11', '2018-12-26', 87, 35, 48, 'Blancha Flescher', 'Schiller-Rath');
insert into policy_version (policy_version_id, policy_version_number, start_date, end_date, issue_date, policy_version_status_id, policy_id, interaction_id, editor, editor_source) values (39, 3, '2019-06-13', '2019-10-16', '2019-03-24', 84, 64, 47, 'Drew Jerams', 'Jaskolski and Sons');
insert into policy_version (policy_version_id, policy_version_number, start_date, end_date, issue_date, policy_version_status_id, policy_id, interaction_id, editor, editor_source) values (40, 4, '2019-07-23', '2019-12-24', '2018-12-08', 97, 66, 49, 'Spike Grocock', 'Harvey, Lowe and Hackett');
insert into policy_version (policy_version_id, policy_version_number, start_date, end_date, issue_date, policy_version_status_id, policy_id, interaction_id, editor, editor_source) values (41, 1, '2019-06-04', '2020-02-14', '2019-02-14', 73, 27, 71, 'Gerrilee Josham', 'Spencer, Howell and Donnelly');
insert into policy_version (policy_version_id, policy_version_number, start_date, end_date, issue_date, policy_version_status_id, policy_id, interaction_id, editor, editor_source) values (42, 4, '2019-07-31', '2019-09-10', '2019-03-19', 5, 19, 54, 'Lorne Raft', 'Romaguera and Sons');
insert into policy_version (policy_version_id, policy_version_number, start_date, end_date, issue_date, policy_version_status_id, policy_id, interaction_id, editor, editor_source) values (43, 2, '2019-08-20', '2020-03-12', '2019-01-01', 91, 59, 34, 'Thebault Cathery', 'Kuphal, Pfannerstill and Gleichner');
insert into policy_version (policy_version_id, policy_version_number, start_date, end_date, issue_date, policy_version_status_id, policy_id, interaction_id, editor, editor_source) values (44, 2, '2019-05-29', '2020-04-10', '2019-01-20', 93, 18, 89, 'Jelene Antoszczyk', 'Zulauf, Hermiston and Klocko');
insert into policy_version (policy_version_id, policy_version_number, start_date, end_date, issue_date, policy_version_status_id, policy_id, interaction_id, editor, editor_source) values (45, 1, '2019-06-02', '2020-05-16', '2019-05-01', 98, 45, 13, 'Henka Scamerden', 'Bailey-Crist');
insert into policy_version (policy_version_id, policy_version_number, start_date, end_date, issue_date, policy_version_status_id, policy_id, interaction_id, editor, editor_source) values (46, 4, '2019-08-04', '2019-12-19', '2019-02-19', 53, 43, 84, 'Artemus Keir', 'Cartwright, Hessel and Green');
insert into policy_version (policy_version_id, policy_version_number, start_date, end_date, issue_date, policy_version_status_id, policy_id, interaction_id, editor, editor_source) values (47, 1, '2019-05-27', '2019-09-26', '2019-01-06', 15, 22, 10, 'Anissa Quinevan', 'Cruickshank and Sons');
insert into policy_version (policy_version_id, policy_version_number, start_date, end_date, issue_date, policy_version_status_id, policy_id, interaction_id, editor, editor_source) values (48, 3, '2019-05-27', '2019-10-23', '2019-02-14', 14, 12, 78, 'Peterus Hiscoe', 'Hilpert Inc');
insert into policy_version (policy_version_id, policy_version_number, start_date, end_date, issue_date, policy_version_status_id, policy_id, interaction_id, editor, editor_source) values (49, 3, '2019-07-26', '2020-04-05', '2018-11-29', 36, 57, 82, 'Blaire Tebb', 'O''Conner-Durgan');
insert into policy_version (policy_version_id, policy_version_number, start_date, end_date, issue_date, policy_version_status_id, policy_id, interaction_id, editor, editor_source) values (50, 2, '2019-06-22', '2019-11-20', '2019-05-04', 24, 20, 77, 'Consuela Taggart', 'Leuschke-Nolan');
insert into policy_version (policy_version_id, policy_version_number, start_date, end_date, issue_date, policy_version_status_id, policy_id, interaction_id, editor, editor_source) values (51, 4, '2019-08-19', '2020-03-31', '2019-05-20', 96, 59, 8, 'Sisely Boydell', 'Keebler-McCullough');
insert into policy_version (policy_version_id, policy_version_number, start_date, end_date, issue_date, policy_version_status_id, policy_id, interaction_id, editor, editor_source) values (52, 3, '2019-07-14', '2020-03-04', '2018-12-19', 67, 33, 17, 'Krispin Benettini', 'Marvin, Parker and Kuvalis');
insert into policy_version (policy_version_id, policy_version_number, start_date, end_date, issue_date, policy_version_status_id, policy_id, interaction_id, editor, editor_source) values (53, 3, '2019-08-13', '2019-11-21', '2019-04-30', 16, 75, 90, 'Euell McCrorie', 'Schmidt-Kshlerin');
insert into policy_version (policy_version_id, policy_version_number, start_date, end_date, issue_date, policy_version_status_id, policy_id, interaction_id, editor, editor_source) values (54, 3, '2019-06-04', '2020-05-08', '2018-12-17', 50, 72, 55, 'Odella McComiskey', 'Schmeler-Wolff');
insert into policy_version (policy_version_id, policy_version_number, start_date, end_date, issue_date, policy_version_status_id, policy_id, interaction_id, editor, editor_source) values (55, 3, '2019-06-12', '2019-11-01', '2019-04-08', 78, 59, 10, 'Mureil Chataignier', 'Cartwright-Cremin');
insert into policy_version (policy_version_id, policy_version_number, start_date, end_date, issue_date, policy_version_status_id, policy_id, interaction_id, editor, editor_source) values (56, 2, '2019-05-31', '2019-08-28', '2018-12-29', 71, 45, 51, 'Bethena MacBrearty', 'Rippin Group');
insert into policy_version (policy_version_id, policy_version_number, start_date, end_date, issue_date, policy_version_status_id, policy_id, interaction_id, editor, editor_source) values (57, 4, '2019-06-07', '2019-10-12', '2019-02-20', 17, 63, 85, 'Kelvin Calow', 'Ortiz-Farrell');
insert into policy_version (policy_version_id, policy_version_number, start_date, end_date, issue_date, policy_version_status_id, policy_id, interaction_id, editor, editor_source) values (58, 3, '2019-07-27', '2020-01-01', '2019-01-07', 50, 14, 31, 'Ludovika Elce', 'Stark-Brakus');
insert into policy_version (policy_version_id, policy_version_number, start_date, end_date, issue_date, policy_version_status_id, policy_id, interaction_id, editor, editor_source) values (59, 1, '2019-06-04', '2019-11-15', '2019-01-13', 68, 63, 12, 'Philippa Coil', 'Blanda-Bailey');
insert into policy_version (policy_version_id, policy_version_number, start_date, end_date, issue_date, policy_version_status_id, policy_id, interaction_id, editor, editor_source) values (60, 4, '2019-08-06', '2019-12-14', '2019-02-10', 98, 25, 49, 'Addie Chieze', 'Rowe, Prohaska and Morar');
insert into policy_version (policy_version_id, policy_version_number, start_date, end_date, issue_date, policy_version_status_id, policy_id, interaction_id, editor, editor_source) values (61, 3, '2019-07-17', '2020-05-19', '2019-05-08', 27, 46, 46, 'Turner Glascott', 'Kautzer LLC');
insert into policy_version (policy_version_id, policy_version_number, start_date, end_date, issue_date, policy_version_status_id, policy_id, interaction_id, editor, editor_source) values (62, 1, '2019-08-18', '2019-09-27', '2019-01-08', 56, 58, 19, 'Marnia Robbel', 'Mann Group');
insert into policy_version (policy_version_id, policy_version_number, start_date, end_date, issue_date, policy_version_status_id, policy_id, interaction_id, editor, editor_source) values (63, 2, '2019-06-03', '2020-01-25', '2019-03-17', 37, 32, 94, 'Ada Bleier', 'Mayert-White');
insert into policy_version (policy_version_id, policy_version_number, start_date, end_date, issue_date, policy_version_status_id, policy_id, interaction_id, editor, editor_source) values (64, 1, '2019-06-04', '2020-04-24', '2019-05-05', 53, 77, 56, 'Garreth De Giovanni', 'Ullrich Inc');
insert into policy_version (policy_version_id, policy_version_number, start_date, end_date, issue_date, policy_version_status_id, policy_id, interaction_id, editor, editor_source) values (65, 4, '2019-06-23', '2020-01-23', '2018-12-14', 29, 5, 86, 'Anneliese Rakes', 'Grimes-Dibbert');
insert into policy_version (policy_version_id, policy_version_number, start_date, end_date, issue_date, policy_version_status_id, policy_id, interaction_id, editor, editor_source) values (66, 2, '2019-07-23', '2019-12-29', '2018-12-09', 4, 67, 32, 'Yolanda Oliver', 'Spencer, Blick and Deckow');
insert into policy_version (policy_version_id, policy_version_number, start_date, end_date, issue_date, policy_version_status_id, policy_id, interaction_id, editor, editor_source) values (67, 4, '2019-07-12', '2020-05-14', '2019-04-16', 45, 57, 72, 'Jessa Kineton', 'Leuschke, Zieme and Schultz');
insert into policy_version (policy_version_id, policy_version_number, start_date, end_date, issue_date, policy_version_status_id, policy_id, interaction_id, editor, editor_source) values (68, 1, '2019-07-01', '2019-12-18', '2019-04-19', 44, 54, 20, 'Briney Poolton', 'Barrows Group');
insert into policy_version (policy_version_id, policy_version_number, start_date, end_date, issue_date, policy_version_status_id, policy_id, interaction_id, editor, editor_source) values (69, 4, '2019-08-26', '2019-08-30', '2019-03-24', 92, 47, 1, 'Winni Smoughton', 'Romaguera-Gaylord');
insert into policy_version (policy_version_id, policy_version_number, start_date, end_date, issue_date, policy_version_status_id, policy_id, interaction_id, editor, editor_source) values (70, 4, '2019-05-27', '2020-02-08', '2019-01-29', 84, 14, 25, 'Pegeen Vasilyev', 'Smitham-Witting');
insert into policy_version (policy_version_id, policy_version_number, start_date, end_date, issue_date, policy_version_status_id, policy_id, interaction_id, editor, editor_source) values (71, 2, '2019-08-11', '2019-10-17', '2018-12-10', 21, 31, 30, 'Pauly Dussy', 'Weissnat-Feeney');
insert into policy_version (policy_version_id, policy_version_number, start_date, end_date, issue_date, policy_version_status_id, policy_id, interaction_id, editor, editor_source) values (72, 2, '2019-06-30', '2020-04-05', '2019-03-02', 37, 21, 33, 'Fran Allmen', 'Renner, Reichel and Marvin');
insert into policy_version (policy_version_id, policy_version_number, start_date, end_date, issue_date, policy_version_status_id, policy_id, interaction_id, editor, editor_source) values (73, 1, '2019-05-31', '2020-02-08', '2019-05-11', 69, 52, 97, 'Fair Lamberteschi', 'Miller-Hintz');
insert into policy_version (policy_version_id, policy_version_number, start_date, end_date, issue_date, policy_version_status_id, policy_id, interaction_id, editor, editor_source) values (74, 4, '2019-06-29', '2020-04-28', '2019-04-11', 15, 2, 64, 'Chrystal Szymon', 'Lueilwitz-Collins');
insert into policy_version (policy_version_id, policy_version_number, start_date, end_date, issue_date, policy_version_status_id, policy_id, interaction_id, editor, editor_source) values (75, 4, '2019-05-30', '2020-01-13', '2019-01-10', 86, 34, 87, 'Lyman McAree', 'Nienow, Barrows and Hirthe');
insert into policy_version (policy_version_id, policy_version_number, start_date, end_date, issue_date, policy_version_status_id, policy_id, interaction_id, editor, editor_source) values (76, 3, '2019-06-06', '2020-05-20', '2018-12-04', 6, 41, 82, 'Christos Larkings', 'Schulist-Stark');
insert into policy_version (policy_version_id, policy_version_number, start_date, end_date, issue_date, policy_version_status_id, policy_id, interaction_id, editor, editor_source) values (77, 1, '2019-08-17', '2020-04-29', '2018-12-08', 77, 19, 55, 'Ferrell Illem', 'Runte-Sawayn');
insert into policy_version (policy_version_id, policy_version_number, start_date, end_date, issue_date, policy_version_status_id, policy_id, interaction_id, editor, editor_source) values (78, 3, '2019-08-22', '2020-04-15', '2019-05-15', 94, 4, 28, 'Josey Upcott', 'Mohr, D''Amore and Conroy');
insert into policy_version (policy_version_id, policy_version_number, start_date, end_date, issue_date, policy_version_status_id, policy_id, interaction_id, editor, editor_source) values (79, 3, '2019-07-04', '2019-11-14', '2019-03-17', 99, 5, 68, 'Cesya Colomb', 'Jacobs, Connelly and Dickens');
insert into policy_version (policy_version_id, policy_version_number, start_date, end_date, issue_date, policy_version_status_id, policy_id, interaction_id, editor, editor_source) values (80, 3, '2019-08-07', '2020-01-24', '2019-01-29', 14, 19, 52, 'Ruddie Rockcliff', 'Barton, Kling and Jacobson');
insert into policy_version (policy_version_id, policy_version_number, start_date, end_date, issue_date, policy_version_status_id, policy_id, interaction_id, editor, editor_source) values (81, 1, '2019-06-05', '2019-09-18', '2019-03-31', 82, 36, 34, 'Lemuel Feaveer', 'Wuckert Group');
insert into policy_version (policy_version_id, policy_version_number, start_date, end_date, issue_date, policy_version_status_id, policy_id, interaction_id, editor, editor_source) values (82, 3, '2019-08-16', '2020-01-01', '2018-12-03', 98, 47, 90, 'Tawsha Ditchett', 'Hintz Inc');
insert into policy_version (policy_version_id, policy_version_number, start_date, end_date, issue_date, policy_version_status_id, policy_id, interaction_id, editor, editor_source) values (83, 3, '2019-07-04', '2020-03-18', '2018-12-08', 6, 67, 65, 'Janifer Coppock.', 'Bednar-Hoeger');
insert into policy_version (policy_version_id, policy_version_number, start_date, end_date, issue_date, policy_version_status_id, policy_id, interaction_id, editor, editor_source) values (84, 4, '2019-07-08', '2020-01-04', '2019-01-18', 6, 5, 15, 'Horatius Obee', 'Ziemann Inc');
insert into policy_version (policy_version_id, policy_version_number, start_date, end_date, issue_date, policy_version_status_id, policy_id, interaction_id, editor, editor_source) values (85, 1, '2019-06-26', '2019-12-05', '2019-01-25', 98, 4, 18, 'Yoshiko Casini', 'Ratke-Bosco');
insert into policy_version (policy_version_id, policy_version_number, start_date, end_date, issue_date, policy_version_status_id, policy_id, interaction_id, editor, editor_source) values (86, 2, '2019-07-14', '2020-05-17', '2019-01-07', 52, 7, 6, 'Derril Juppe', 'O''Keefe, Spinka and Bogisich');
insert into policy_version (policy_version_id, policy_version_number, start_date, end_date, issue_date, policy_version_status_id, policy_id, interaction_id, editor, editor_source) values (87, 4, '2019-06-06', '2020-01-24', '2019-03-07', 98, 76, 61, 'Tabby Ostridge', 'Purdy LLC');
insert into policy_version (policy_version_id, policy_version_number, start_date, end_date, issue_date, policy_version_status_id, policy_id, interaction_id, editor, editor_source) values (88, 1, '2019-05-27', '2020-05-11', '2019-01-11', 24, 23, 6, 'Yolanda de Voiels', 'Kulas, Gislason and Block');
insert into policy_version (policy_version_id, policy_version_number, start_date, end_date, issue_date, policy_version_status_id, policy_id, interaction_id, editor, editor_source) values (89, 2, '2019-08-23', '2020-03-27', '2019-05-04', 34, 43, 99, 'Aubree Turnor', 'O''Reilly-Erdman');
insert into policy_version (policy_version_id, policy_version_number, start_date, end_date, issue_date, policy_version_status_id, policy_id, interaction_id, editor, editor_source) values (90, 3, '2019-08-18', '2019-12-28', '2019-05-20', 83, 55, 82, 'Tedman Wride', 'Johnson, McLaughlin and Barrows');
insert into policy_version (policy_version_id, policy_version_number, start_date, end_date, issue_date, policy_version_status_id, policy_id, interaction_id, editor, editor_source) values (91, 4, '2019-07-21', '2020-01-28', '2019-01-01', 22, 3, 65, 'Sarene Kedie', 'Schaefer, Beier and Kilback');
insert into policy_version (policy_version_id, policy_version_number, start_date, end_date, issue_date, policy_version_status_id, policy_id, interaction_id, editor, editor_source) values (92, 1, '2019-08-18', '2019-10-13', '2019-05-10', 39, 46, 32, 'Ransell Van den Bosch', 'Borer, Fadel and Shields');
insert into policy_version (policy_version_id, policy_version_number, start_date, end_date, issue_date, policy_version_status_id, policy_id, interaction_id, editor, editor_source) values (93, 1, '2019-08-15', '2020-04-24', '2019-04-03', 97, 5, 26, 'Reeta Cavilla', 'Abbott and Sons');
insert into policy_version (policy_version_id, policy_version_number, start_date, end_date, issue_date, policy_version_status_id, policy_id, interaction_id, editor, editor_source) values (94, 4, '2019-07-01', '2019-12-19', '2019-05-22', 16, 45, 64, 'Avrom Bernardos', 'Nolan-Walker');
insert into policy_version (policy_version_id, policy_version_number, start_date, end_date, issue_date, policy_version_status_id, policy_id, interaction_id, editor, editor_source) values (95, 3, '2019-06-21', '2020-02-16', '2019-05-21', 80, 62, 41, 'Fleur Howson', 'Turner, McLaughlin and Ernser');
insert into policy_version (policy_version_id, policy_version_number, start_date, end_date, issue_date, policy_version_status_id, policy_id, interaction_id, editor, editor_source) values (96, 2, '2019-06-16', '2020-01-09', '2019-04-20', 80, 73, 74, 'Dane Chilton', 'Russel LLC');
insert into policy_version (policy_version_id, policy_version_number, start_date, end_date, issue_date, policy_version_status_id, policy_id, interaction_id, editor, editor_source) values (97, 3, '2019-06-18', '2019-08-30', '2018-12-12', 79, 28, 92, 'Elaina Hexam', 'Berge Inc');
insert into policy_version (policy_version_id, policy_version_number, start_date, end_date, issue_date, policy_version_status_id, policy_id, interaction_id, editor, editor_source) values (98, 4, '2019-06-03', '2020-02-02', '2019-02-16', 27, 75, 36, 'Standford Wimsett', 'Crist-Fay');
insert into policy_version (policy_version_id, policy_version_number, start_date, end_date, issue_date, policy_version_status_id, policy_id, interaction_id, editor, editor_source) values (99, 1, '2019-07-29', '2020-02-07', '2019-01-17', 87, 24, 96, 'Van Astall', 'Ferry, Wiegand and Schinner');
insert into policy_version (policy_version_id, policy_version_number, start_date, end_date, issue_date, policy_version_status_id, policy_id, interaction_id, editor, editor_source) values (100, 3, '2019-06-01', '2020-01-20', '2019-03-04', 79, 39, 75, 'Ingeberg O''Crigane', 'Roob-Schmidt');